"","1400599997","B00000DM9M","B00000J061","B00000J08C","B00000J0A2","B00000J0E8","B00000J1QZ","B00000J1US","B00000J3H5","B00000J3HB","B00000J3II","B00000J3Q1","B00000J3Q7","B00000J3T1","B00000J3T4","B00000J434","B00000J47A","B00000J4ER","B00000J4FS","B00000J4O2","B00000J4VA","B00000J570","B00000J579","B00000JBIA","B00000JBJQ","B00000JBK6","B00000JBUI","B00000JDEI","B00000JDKT","B00000JFDW","B00000JFJA","B00000JFMW","B00000JHVP","B00000JI2C","B00000JSES","B00000JSEW","B00000JSGF","B00000JX2V","B00000JYLO","B00000K1SD","B00000K390","B00000K3RI","B00000K3RO","B00000K4KH","B00001O2YP","B00001O380","B00001OPK8","B00001OWYM","B00001P4XA","B00001P4ZH","B00001QEMF","B00001QHP5","B00001RMCY","B00001RMDH","B00001W0DI","B00001X5AZ","B00001YVG4","B00001ZT58","B00001ZUIB","B00001ZUNQ","B00001ZWRV","B00001ZWSY","B00001ZWXA","B0000206CT","B0000206CW","B0000206DP","B000021YU8","B000021YUO","B000022UHF","B000023VUI","B000023VUK","B000023VUL","B000028F42","B00002JXFH","B00002SSVY","B00002SWHH","B00003005I","B000030068","B00003006A","B00003006E","B00003006F","B00003006L","B00003006R","B00003006X","B00003006Y","B0000300CS","B0000300EC","B0000300EF","B0000300EN","B0000300GE","B0000300QN","B0000300S2","B0000304ZO","B000031KIM","B000038AB2","B000038ABH","B00003CWCI","B00003CWE8","B00003G1RG","B00003G1RJ","B00003GPVF","B00003OPEV","B00003WGP5","B00003ZDJ7","B0000488VH","B0000488VK","B00004NKHY","B00004R7OI","B00004R8U4","B00004R8VC","B00004R95J","B00004RC2D","B00004RC2E","B00004RC2G","B00004RD8M","B00004RERZ","B00004RF6K","B00004RFC0","B00004RFC4","B00004RFC5","B00004RFC6","B00004RG6G","B00004RG7J","B00004RG7N","B00004RG85","B00004RGIG","B00004RIPE","B00004RIUJ","B00004RJYB","B00004S5H5","B00004S9AK","B00004S9WQ","B00004SA30","B00004SA32","B00004SB92","B00004SB96","B00004SC3Y","B00004SCIT","B00004SCKA","B00004SD14","B00004SD15","B00004SD85","B00004SD87","B00004SD89","B00004SD9D","B00004SD9G","B00004SD9J","B00004SD9P","B00004SD9Q","B00004SP9T","B00004SPCB","B00004SPUN","B00004SPUT","B00004SSRC","B00004SSRL","B00004SSRN","B00004SSRO","B00004SSRP","B00004SSRQ","B00004STHL","B00004SV25","B00004SX3Z","B00004SY4H","B00004SYB7","B00004SYVH","B00004SZ9L","B00004T0RC","B00004T1M1","B00004T1MB","B00004T1WX","B00004T1WZ","B00004TB3J","B00004TDL2","B00004TDN2","B00004TDN5","B00004TDPP","B00004TDWY","B00004TE75","B00004TEN2","B00004TH2W","B00004TH2Y","B00004THCX","B00004THCY","B00004THCZ","B00004THDE","B00004THM6"
"0","-0.0050774415395504","-0.010022916270723","0.21986380641058","-0.010022916270722","-0.0203097661582","-0.0065620367078122","2.9629294170503","0.026593517596749","4.9382156950838","4.9382156950838","0.060291573211158","-0.025387207697751","0.10687183586268","0.035623945287562","-0.010956317363965","-0.0025404474473434","0.098780150940752","-0.42903359156924","-0.010022916270722","0.14249578115025","3.950572556067","0.010318496713434","-0.19834893874264","-0.041833957031732","-0.016183369843865","-0.15867915099411","-0.0025404474473434","-0.0087650538911726","4.9382156950838","-0.0052496293662497","0.01595611055805","-0.0080183330165773","4.912828487386","-0.0050774415395503","-0.0080183330165773","-0.0080183330165773","-0.321952059178","4.9382156950838","-0.42903359156924","0.17811972643781","3.950572556067","0.13191828384635","0.17589104512847","0.02659351759675","0.17811972643781","0.98764313901676","0.0212748140774","-0.006562036707812","-0.42903359156924","-0.1716134366277","-0.0031755593091792","0.21986380641058","-0.19834893874264","0.17811972643781","-0.006562036707812","-0.006562036707812","0.020031480888938","-0.010956317363965","-0.010956317363965","0.17589104512847","-0.010956317363965","-0.010956317363965","-0.020229212304831","-0.010956317363965","-0.0080183330165773","-0.006562036707812","-0.0031755593091792","0.023417958287571","-0.025387207697751","0.10687183586268","1.9752862780335","0.02659351759675","0.02659351759675","-0.087431260418988","-0.0040091665082887","-0.020387414503667","-0.0050774415395503","-0.010956317363965","0.14249578115025","-0.15867915099411","-0.025387207697751","-0.025387207697751","-0.11900936324558","-0.025387207697751","-0.025387207697751","-0.025387207697751","-0.0080183330165773","-0.0080183330165773","-0.0080183330165773","-0.0080183330165773","0.17811972643781","0.14249578115025","0.02659351759675","-0.013198475579901","0.02659351759675","4.9294506411926","-0.097734549168183","0.0212748140774","0.02659351759675","0.02659351759675","-0.025387207697751","-0.19834893874264","0.21986380641058","0.02659351759675","4.9382156950838","0.01595611055805","-0.0052496293662497","-0.020309766158201","-0.0013124073415624","3.9771660736638","0.17811972643781","4.1563010525865","-0.011193892325756","-0.010022916270722","-0.0060137497624332","0.21986380641058","-0.20916978515866","-0.25742015494155","-0.3432268732554","-0.25742015494155","-0.3432268732554","-0.0060137497624332","-0.006562036707812","-0.006562036707812","-0.006562036707812","-0.0080183330165773","0.21986380641058","3.9405496397963","-0.15867915099411","-0.0031755593091792","-0.13208563339736","0.21986380641058","0.02659351759675","-0.025387207697751","0.032074626361178","-0.15867915099411","0.0077780492660914","0.0212748140774","4.9485341917972","0.043972761282117","0.02659351759675","0.02659351759675","-0.11900936324558","-0.11900936324558","-0.0040091665082887","-0.0060137497624332","-0.006562036707812","-0.006562036707812","0.02659351759675","-0.0031755593091792","0.13191828384635","0.14249578115025","0.14249578115025","0.02659351759675","-0.0060137497624332","-0.0080183330165773","-0.0080183330165773","-0.010022916270722","-0.0050774415395503","-0.006562036707812","-0.3432268732554","-0.15867915099411","-0.19834893874264","0.02659351759675","-0.0031755593091792","-0.0080183330165773","-0.0031755593091792","-0.0031755593091792","-0.25742015494155","-0.42903359156924","-0.42903359156924","-0.0031755593091792","0.01595611055805","-0.0031755593091792","-0.0025404474473434","0.13191828384635","-0.025387207697751","0.02659351759675","0.02659351759675","0.21986380641058","0.0212748140774","-0.0080183330165773","-0.0060137497624332","-0.0080183330165773","0.02659351759675","-0.0080183330165773"
"1","-0.00026096784239358","-0.00051515291968833","0.011300451759489","-0.00051515291968852","-0.0010438713695741","-0.00033727233450244","-0.001905335585508","0.0013668405347066","-0.0031755593091798","-0.0031755593091798","0.0030988366193556","-0.0013048392119666","0.0054929460438743","0.0018309820146247","-0.00056312740989277","3.9998694273319","0.0050770536029747","-0.022051257475616","-0.00051515291968975","0.0073239280584989","-0.0025404474473437","0.00053034501787242","-0.010194641175372","-0.0021501611432254","-0.00083178488179858","-0.0081557129402979","3.9998694273319","-0.00045050192791532","-0.0031755593091797","-0.00026981786760155","0.00082010432082435","-0.0004121223357517","-0.0044803985211462","-0.00026096784239333","-0.0004121223357517","-0.0004121223357517","-0.016547533552728","-0.0031755593091797","-0.022051257475616","0.0091549100731236","-0.0025404474473437","0.0067802710556934","0.009040361407591","0.0013668405347069","0.0091549100731236","-0.00063511186183593","0.0010934724277659","-0.00033727233450205","-0.022051257475616","-0.0088205029902466","4.9998367841649","0.011300451759489","-0.010194641175372","0.0091549100731236","-0.00033727233450205","-0.00033727233450205","0.0010295682002053","-0.00056312740989277","-0.00056312740989277","0.009040361407591","-0.00056312740989277","-0.00056312740989277","-0.0010397311022488","-0.00056312740989277","-0.0004121223357517","-0.00033727233450205","4.9998367841649","5.0012036246996","-0.0013048392119666","0.0054929460438743","-0.0012702237236719","0.0013668405347069","0.0013668405347069","-0.0044937489110483","-0.00020606116787585","-0.0010478623010356","-0.00026096784239333","-0.00056312740989277","0.0073239280584989","-0.0081557129402979","-0.0013048392119666","-0.0013048392119666","-0.0061167847052235","-0.0013048392119666","-0.0013048392119666","-0.0013048392119666","-0.0004121223357517","-0.0004121223357517","-0.0004121223357517","-0.0004121223357517","0.0091549100731236","0.0073239280584989","0.0013668405347069","4.9993216312452","0.0013668405347069","-0.003626061237095","-0.0050233122774579","0.0010934724277659","0.0013668405347069","0.0013668405347069","-0.0013048392119666","-0.010194641175372","0.011300451759489","0.0013668405347069","-0.0031755593091797","0.00082010432082435","-0.00026981786760155","-0.0010438713695733","-6.7454466900388E-5","-0.0011736069126366","0.0091549100731236","0.0080334846082544","4.9994246618291","-0.00051515291968975","-0.0003090917518136","0.011300451759489","-0.010750805716127","-0.01323075448537","-0.017641005980493","-0.01323075448537","-0.017641005980493","-0.0003090917518136","-0.00033727233450205","-0.00033727233450205","-0.00033727233450205","-0.0004121223357517","0.011300451759489","-0.0030556003670338","-0.0081557129402979","4.9998367841649","-0.0067888724055902","0.011300451759489","0.0013668405347069","-0.0013048392119666","0.0016485558665366","-0.0081557129402979","4.0003997723498","0.0010934724277659","-0.0026452142913083","0.0022600903518977","0.0013668405347069","0.0013668405347069","-0.0061167847052235","-0.0061167847052235","-0.00020606116787585","-0.0003090917518136","-0.00033727233450205","-0.00033727233450205","0.0013668405347069","4.9998367841649","0.0067802710556934","0.0073239280584989","0.0073239280584989","0.0013668405347069","-0.0003090917518136","-0.0004121223357517","-0.0004121223357517","-0.00051515291968975","-0.00026096784239333","-0.00033727233450205","-0.017641005980493","-0.0081557129402979","-0.010194641175372","0.0013668405347069","4.9998367841649","-0.0004121223357517","4.9998367841649","4.9998367841649","-0.01323075448537","-0.022051257475616","-0.022051257475616","4.9998367841649","0.00082010432082435","4.9998367841649","3.9998694273319","0.0067802710556934","-0.0013048392119666","0.0013668405347069","0.0013668405347069","0.011300451759489","0.0010934724277659","-0.0004121223357517","-0.0003090917518136","-0.0004121223357517","0.0013668405347069","-0.0004121223357517"
"2","-0.016300339418941","-0.0321770198451","0.70583868716498","-0.032177019845099","-0.065201357675768","-0.021066402199553","-0.11900936324558","0.085374368132861","-0.19834893874264","-0.19834893874264","0.19355675487126","-0.081501697094709","0.34309547147273","0.11436515715758","-0.035173559443899","-0.0081557129402987","2.3171183706689","-1.3773458759165","-0.0321770198451","0.45746062863031","-0.15867915099411","0.03312593506239","4.3632314622024","-0.1343014377503","3.9480457983923","3.4905851697619","-0.0081557129402987","-0.02813884755512","-0.19834893874264","-0.016853121759643","0.051224620879717","-0.02574161587608","-0.27985063583735","-0.016300339418942","-0.02574161587608","-0.02574161587608","-1.0335772062269","-0.19834893874264","-1.3773458759165","0.57182578578789","-0.15867915099411","0.42350321229899","0.56467094973199","0.085374368132862","0.57182578578789","-0.039669787748527","0.06829949450629","-0.021066402199554","-1.3773458759165","-0.55093835036659","-0.010194641175373","0.70583868716498","4.3632314622024","0.57182578578789","-0.021066402199554","-0.021066402199554","0.064307965933308","-0.035173559443899","-0.035173559443899","0.56467094973199","-0.035173559443899","-0.035173559443899","4.9350572479903","-0.035173559443899","-0.02574161587608","-0.021066402199554","-0.010194641175373","0.075179726957488","-0.081501697094709","0.34309547147273","-0.079339575497055","0.085374368132862","0.085374368132862","3.7193154840771","-0.01287080793804","-0.065450635658891","-0.016300339418942","-0.035173559443899","0.45746062863031","3.4905851697619","-0.081501697094709","-0.081501697094709","2.6179388773215","-0.081501697094709","-0.081501697094709","-0.081501697094709","-0.02574161587608","-0.02574161587608","-0.02574161587608","-0.02574161587608","0.57182578578789","0.45746062863031","0.085374368132862","-0.042371661020474","0.085374368132862","-0.22648778629776","2.6862383718278","0.06829949450629","0.085374368132862","0.085374368132862","-0.081501697094709","4.3632314622024","0.70583868716498","0.085374368132862","-0.19834893874264","0.051224620879717","-0.016853121759643","-0.065201357675767","-0.0042132804399107","-0.073304782861248","0.57182578578789","0.50178031373736","-0.035936257051453","-0.0321770198451","-0.01930621190706","0.70583868716498","-0.67150718875149","-0.82640752554988","-1.1018767007332","-0.82640752554988","-1.1018767007332","-0.01930621190706","-0.021066402199554","-0.021066402199554","-0.021066402199554","-0.02574161587608","0.70583868716498","-0.19085617083921","3.4905851697619","-0.010194641175373","3.5759595378948","0.70583868716498","0.085374368132862","-0.081501697094709","5.1029706186374","3.4905851697619","0.024970222122091","0.06829949450629","-0.16522300368025","0.141167737433","0.085374368132862","0.085374368132862","2.6179388773215","2.6179388773215","-0.01287080793804","-0.01930621190706","-0.021066402199554","-0.021066402199554","0.085374368132862","-0.010194641175373","0.42350321229899","0.45746062863031","0.45746062863031","0.085374368132862","-0.01930621190706","-0.02574161587608","-0.02574161587608","-0.0321770198451","-0.016300339418942","-0.021066402199554","-1.1018767007332","3.4905851697619","4.3632314622024","0.085374368132862","-0.010194641175373","-0.02574161587608","-0.010194641175373","-0.010194641175373","-0.82640752554988","-1.3773458759165","-1.3773458759165","-0.010194641175373","0.051224620879717","-0.010194641175373","-0.0081557129402987","0.42350321229899","-0.081501697094709","0.085374368132862","0.085374368132862","0.70583868716498","0.06829949450629","-0.02574161587608","-0.01930621190706","-0.02574161587608","0.085374368132862","-0.02574161587608"
"3","0.018068433807368","0.03566725442011","4.2175991388928","0.035667254420109","0.072273735229471","0.023351470415378","0.13191828384635","-0.094634907887985","0.21986380641058","0.21986380641058","-0.21455181536258","0.090342169036838","-0.38031096510229","-0.12677032170076","0.038988828038946","0.0090403614075919","-0.35151613363782","1.5267462933887","0.035667254420109","-0.50708128680305","0.17589104512847","-0.036719098271442","0.70583868716498","1.1488690864563","0.057589662928934","0.56467094973199","0.0090403614075919","0.031191062431157","0.21986380641058","0.018681176332302","-0.056780944732791","0.028533803536087","0.31020597544742","0.018068433807368","0.028533803536087","0.028533803536087","1.1456891084006","0.21986380641058","1.5267462933887","-0.63385160850382","0.17589104512847","2.5305594833357","3.3740793111142","-0.094634907887985","-0.63385160850382","0.043972761282117","-0.075707926310387","0.023351470415378","1.5267462933887","0.61069851735549","0.01130045175949","4.2175991388928","0.70583868716498","-0.63385160850382","0.023351470415378","0.023351470415378","-0.071283437472607","0.038988828038946","0.038988828038946","3.3740793111142","0.038988828038946","0.038988828038946","0.071987078661167","0.038988828038946","0.028533803536087","0.023351470415378","0.01130045175949","-0.083334456128495","0.090342169036838","-0.38031096510229","0.087945522564233","-0.094634907887985","-0.094634907887985","0.31113030633046","0.014266901768044","0.072550052342993","0.018068433807368","0.038988828038946","-0.50708128680305","0.56467094973199","0.090342169036838","0.090342169036838","0.42350321229899","0.090342169036838","0.090342169036838","0.090342169036838","0.028533803536087","0.028533803536087","0.028533803536087","0.028533803536087","-0.63385160850382","-0.50708128680305","-0.094634907887985","0.046967706179599","-0.094634907887985","0.25105486884174","0.3477952859886","-0.075707926310387","-0.094634907887985","-0.094634907887985","0.090342169036838","0.70583868716498","4.2175991388928","-0.094634907887985","0.21986380641058","-0.056780944732791","0.018681176332302","0.072273735229471","0.0046702940830755","0.081256137240482","-0.63385160850382","4.4437916811678","0.039834255295577","0.035667254420109","0.021400352652065","4.2175991388928","5.7443454322815","0.91604777603323","1.221397034711","0.91604777603323","1.221397034711","0.021400352652065","0.023351470415378","0.023351470415378","0.023351470415378","0.028533803536087","4.2175991388928","0.21155829954858","0.56467094973199","0.01130045175949","0.470036041844","4.2175991388928","-0.094634907887985","0.090342169036838","4.8858601800161","0.56467094973199","-0.02767873686385","-0.075707926310387","0.18314470813914","0.84351982777856","-0.094634907887985","-0.094634907887985","0.42350321229899","0.42350321229899","0.014266901768044","0.021400352652065","0.023351470415378","0.023351470415378","-0.094634907887985","0.01130045175949","2.5305594833357","-0.50708128680305","-0.50708128680305","-0.094634907887985","0.021400352652065","0.028533803536087","0.028533803536087","0.035667254420109","0.018068433807368","0.023351470415378","1.221397034711","0.56467094973199","0.70583868716498","-0.094634907887985","0.01130045175949","0.028533803536087","0.01130045175949","0.01130045175949","0.91604777603323","1.5267462933887","1.5267462933887","0.01130045175949","-0.056780944732791","0.01130045175949","0.0090403614075919","2.5305594833357","0.090342169036838","-0.094634907887985","-0.094634907887985","4.2175991388928","-0.075707926310387","0.028533803536087","0.021400352652065","0.028533803536087","-0.094634907887985","0.028533803536087"
"4","0.0021854584446933","0.004314115058467","-0.094634907887984","0.0043141150584682","0.0087418337787652","0.0028244655158997","0.015956110558052","4.9885534816791","0.026593517596753","0.026593517596752","-0.025951008355621","0.010927292223458","-0.046000324054238","-0.015333441351413","0.0047158743472045","0.0010934724277651","-0.042517459503919","0.1846668402674","0.0043141150584684","-0.061333765405651","0.021274814077402","3.9955586596905","0.085374368132863","0.018006386475884","0.0069657291006392","0.068299494506291","0.0010934724277651","0.0037726994777641","0.026593517596753","0.0022595724127204","2.9931320890074","0.0034512920467747","0.03752080982021","0.0021854584446914","0.0034512920467747","0.0034512920467747","4.1385762575572","0.026593517596753","0.1846668402674","-0.076667206757064","0.021274814077402","-0.056780944732791","-0.075707926310387","4.9885534816791","-0.076667206757064","0.0053187035193505","3.9908427853433","0.0028244655159004","0.1846668402674","0.073866736106962","0.0013668405347064","-0.094634907887984","0.085374368132863","-0.076667206757064","0.0028244655159004","0.0028244655159004","4.991377947195","0.0047158743472045","0.0047158743472045","-0.075707926310387","0.0047158743472045","0.0047158743472045","0.0087071613757994","0.0047158743472045","0.0034512920467747","0.0028244655159004","0.0013668405347064","4.9899203222138","0.010927292223458","-0.046000324054238","0.010637407038701","4.9885534816791","4.9885534816791","0.037632611803465","0.0017256460233873","3.0087752555781","0.0021854584446914","0.0047158743472045","-0.061333765405651","0.068299494506291","0.010927292223458","0.010927292223458","0.051224620879718","0.010927292223458","0.010927292223458","0.010927292223458","0.0034512920467747","0.0034512920467747","0.0034512920467747","0.0034512920467747","-0.076667206757064","-0.061333765405651","4.9885534816791","0.0056809555931754","4.9885534816791","0.030366217074516","4.042067406223","3.9908427853433","4.9885534816791","4.9885534816791","0.010927292223458","0.085374368132863","-0.094634907887984","4.9885534816791","0.026593517596753","2.9931320890074","0.0022595724127204","0.0087418337787657","0.0005648931031801","5.0098282957565","-0.076667206757064","3.9327240988146","0.0048181325814809","0.0043141150584684","0.0025884690350811","-0.094634907887984","0.09003193237942","0.11080010416044","0.14773347221392","0.11080010416044","0.14773347221392","0.0025884690350811","0.0028244655159004","0.0028244655159004","0.0028244655159004","0.0034512920467747","-0.094634907887984","0.025588929135871","0.068299494506291","0.0013668405347064","5.0568529761854","-0.094634907887984","4.9885534816791","0.010927292223458","4.9861942747159","0.068299494506291","3.9966521321182","3.9908427853433","4.0221521772872","-0.018926981577597","4.9885534816791","4.9885534816791","0.051224620879718","0.051224620879718","0.0017256460233873","0.0025884690350811","0.0028244655159004","0.0028244655159004","4.9885534816791","0.0013668405347064","-0.056780944732791","-0.061333765405651","-0.061333765405651","4.9885534816791","0.0025884690350811","0.0034512920467747","0.0034512920467747","0.0043141150584684","0.0021854584446914","0.0028244655159004","0.14773347221392","0.068299494506291","0.085374368132863","4.9885534816791","0.0013668405347064","0.0034512920467747","0.0013668405347064","0.0013668405347064","0.11080010416044","0.1846668402674","0.1846668402674","0.0013668405347064","2.9931320890074","0.0013668405347064","0.0010934724277651","-0.056780944732791","0.010927292223458","4.9885534816791","4.9885534816791","-0.094634907887984","3.9908427853433","0.0034512920467747","0.0025884690350811","0.0034512920467747","4.9885534816791","0.0034512920467747"
"5","-0.00090039146640453","-0.0017773810310459","0.038988828038948","-0.0017773810310494","-0.0036015658656199","-0.0011636572884047","-0.0065737904183782","0.0047158743472028","-0.010956317363965","-0.010956317363965","5.0106916086759","-0.0045019573320248","0.018951766999227","0.0063172556664089","4.998057097343","-0.00045050192791238","0.017516854554484","-0.076081266842927","-0.0017773810310483","0.025269022665636","-0.0087650538911722","5.0018297968208","-0.0351735594439","-0.007418487760796","-0.0028698248894841","-0.02813884755512","-0.00045050192791238","3.9984456778744","-0.010956317363965","-0.00093092583072425","0.0028295246083228","-0.0014219048248384","-0.015458274695991","-0.00090039146640511","-0.0014219048248384","-0.0014219048248384","-0.057092313996578","-0.010956317363965","-0.076081266842927","0.031586278332044","-0.0087650538911722","0.023393296823368","0.031191062431158","0.0047158743472045","0.031586278332044","-0.0021912634727931","0.0037726994777638","-0.0011636572884052","-0.076081266842927","-0.030432506737171","-0.00056312740989069","0.038988828038947","-0.0351735594439","0.031586278332044","-0.0011636572884052","-0.0011636572884052","0.0035522170587987","4.998057097343","4.998057097343","0.031191062431158","4.998057097343","4.998057097343","-0.0035872811118556","4.998057097343","-0.0014219048248384","-0.0011636572884052","-0.00056312740989069","0.004152746937314","-0.0045019573320248","0.018951766999227","-0.0043825269455861","0.0047158743472045","0.0047158743472045","-0.015504336222302","-0.0007109524124192","4.9963846646193","-0.00090039146640511","4.998057097343","0.025269022665636","-0.02813884755512","-0.0045019573320248","-0.0045019573320248","-0.02110413566634","-0.0045019573320248","-0.0045019573320248","-0.0045019573320248","-0.0014219048248384","-0.0014219048248384","-0.0014219048248384","-0.0014219048248384","0.031586278332044","0.025269022665636","0.0047158743472045","-0.0023405084409383","0.0047158743472045","3.9874893605105","-0.017331436188576","0.0037726994777638","0.0047158743472045","0.0047158743472045","-0.0045019573320248","-0.0351735594439","0.038988828038947","0.0047158743472045","-0.010956317363965","0.0028295246083228","-0.00093092583072425","-0.0036015658656204","-0.00023273145768106","-0.0040491795439671","0.031586278332044","0.027717135262466","-0.0019850322347281","-0.0017773810310483","-0.0010664286186289","0.038988828038947","-0.03709243880398","-0.045648760105756","-0.060865013474341","-0.045648760105756","-0.060865013474341","-0.0010664286186289","-0.0011636572884052","-0.0011636572884052","-0.0011636572884052","-0.0014219048248384","0.038988828038947","-0.01054243492222","-0.02813884755512","-0.00056312740989069","-0.023422973207914","0.038988828038947","0.0047158743472045","-0.0045019573320248","5.0056878488189","-0.02813884755512","5.0013792948929","0.0037726994777638","4.9908734794568","0.0077977656077894","0.0047158743472045","0.0047158743472045","-0.02110413566634","-0.02110413566634","-0.0007109524124192","-0.0010664286186289","-0.0011636572884052","-0.0011636572884052","0.0047158743472045","-0.00056312740989069","0.023393296823368","0.025269022665636","0.025269022665636","0.0047158743472045","-0.0010664286186289","-0.0014219048248384","-0.0014219048248384","-0.0017773810310483","-0.00090039146640511","-0.0011636572884052","-0.060865013474341","-0.02813884755512","-0.0351735594439","0.0047158743472045","-0.00056312740989069","-0.0014219048248384","-0.00056312740989069","-0.00056312740989069","-0.045648760105756","-0.076081266842927","-0.076081266842927","-0.00056312740989069","0.0028295246083228","-0.00056312740989069","-0.00045050192791238","0.023393296823368","-0.0045019573320248","0.0047158743472045","0.0047158743472045","0.038988828038947","0.0037726994777638","-0.0014219048248384","-0.0010664286186289","-0.0014219048248384","0.0047158743472045","-0.0014219048248384"
"6","0.014637900341439","0.028895349825033","-0.63385160850382","0.028895349825036","0.058551601365763","0.018917881893395","0.10687183586269","-0.076667206757063","0.17811972643781","0.17811972643781","1.826183712167","0.073189501707204","2.6918961507525","0.89729871691748","0.031586278332046","0.0073239280584988","4.7152238989026","1.2368731195825","0.028895349825035","3.5891948676699","0.14249578115025","-0.029747487073604","0.57182578578789","0.12060430221573","4.0466554963002","0.45746062863031","0.0073239280584988","0.025269022665637","0.17811972643781","0.015134305514716","-0.046000324054238","0.023116279860028","0.25130922814501","0.014637900341441","0.023116279860028","0.023116279860028","0.92816473026033","0.17811972643781","1.2368731195825","4.4864935845874","0.14249578115025","-0.38031096510229","-0.50708128680305","-0.076667206757063","4.4864935845874","0.035623945287562","-0.061333765405651","0.018917881893395","1.2368731195825","0.49474924783299","0.0091549100731236","-0.63385160850382","0.57182578578789","4.4864935845874","0.018917881893395","0.018917881893395","-0.057749324863668","0.031586278332046","0.031586278332046","-0.50708128680305","0.031586278332046","0.031586278332046","5.0583193703753","0.031586278332046","0.023116279860028","0.018917881893395","0.0091549100731236","-0.06751229668394","0.073189501707204","2.6918961507525","0.071247890575124","-0.076667206757063","-0.076667206757063","2.2520580624653","0.011558139930014","0.058775455985013","0.014637900341441","0.031586278332046","3.5891948676699","0.45746062863031","0.073189501707204","0.073189501707204","0.34309547147273","0.073189501707204","0.073189501707204","0.073189501707204","0.023116279860028","0.023116279860028","0.023116279860028","0.023116279860028","4.4864935845874","3.5891948676699","-0.076667206757063","0.038050259898158","-0.076667206757063","0.20338874910345","0.28176170606708","-0.061333765405651","-0.076667206757063","-0.076667206757063","0.073189501707204","0.57182578578789","-0.63385160850382","-0.076667206757063","0.17811972643781","-0.046000324054238","0.015134305514716","0.058551601365764","0.0037835763786789","0.065828574393184","4.4864935845874","-0.45060474122698","0.032271189933151","0.028895349825035","0.017337209895021","-0.63385160850382","0.60302151107866","0.74212387174949","0.98949849566598","0.74212387174949","0.98949849566598","0.017337209895021","0.018917881893395","0.018917881893395","0.018917881893395","0.023116279860028","-0.63385160850382","0.17139113097528","0.45746062863031","0.0091549100731236","0.38079342187325","-0.63385160850382","-0.076667206757063","0.073189501707204","-0.092468850799504","0.45746062863031","-0.022423559015106","-0.061333765405651","0.1483722393642","-0.12677032170076","-0.076667206757063","-0.076667206757063","0.34309547147273","0.34309547147273","0.011558139930014","0.017337209895021","0.018917881893395","0.018917881893395","-0.076667206757063","0.0091549100731236","-0.38031096510229","3.5891948676699","3.5891948676699","-0.076667206757063","0.017337209895021","0.023116279860028","0.023116279860028","0.028895349825035","0.014637900341441","0.018917881893395","0.98949849566598","0.45746062863031","0.57182578578789","-0.076667206757063","0.0091549100731236","0.023116279860028","0.0091549100731236","0.0091549100731236","0.74212387174949","1.2368731195825","1.2368731195825","0.0091549100731236","-0.046000324054238","0.0091549100731236","0.0073239280584988","-0.38031096510229","0.073189501707204","-0.076667206757063","-0.076667206757063","-0.63385160850382","-0.061333765405651","0.023116279860028","0.017337209895021","0.023116279860028","-0.076667206757063","0.023116279860028"
"7","-0.035258031674072","-0.069599678615119","1.5267462933887","-0.069599678615119","-0.14103212669628","-0.045567141696906","-0.25742015494155","0.18466684026741","-0.42903359156924","-0.42903359156924","0.41866798099007","-0.17629015837035","0.74212387174949","0.2473746239165","-0.076081266842927","-0.017641005980492","0.68593476921589","2.0207672815217","-0.069599678615119","0.98949849566598","-0.3432268732554","0.071652205370998","-1.3773458759165","0.70950271498208","-0.11237820506719","-1.1018767007332","-0.017641005980492","-0.060865013474341","-0.42903359156924","-0.036453713357525","0.11080010416044","-0.055679742892095","-0.6053237499396","-0.035258031674071","-0.055679742892095","-0.055679742892095","1.7643472974312","-0.42903359156924","2.0207672815217","1.2368731195825","-0.3432268732554","0.91604777603323","1.221397034711","0.18466684026741","1.2368731195825","-0.085806718313849","0.14773347221392","-0.045567141696906","2.0207672815217","0.80830691260866","-0.022051257475615","1.5267462933887","-1.3773458759165","1.2368731195825","-0.045567141696906","-0.045567141696906","0.1390996985705","-0.076081266842927","-0.076081266842927","1.221397034711","-0.076081266842927","-0.076081266842927","-0.14047275633399","-0.076081266842927","-0.055679742892095","-0.045567141696906","-0.022051257475615","0.16261558279179","-0.17629015837035","0.74212387174949","-0.1716134366277","0.18466684026741","0.18466684026741","-0.60712745290019","-0.027839871446048","-0.14157132105284","-0.035258031674071","-0.076081266842927","0.98949849566598","-1.1018767007332","-0.17629015837035","-0.17629015837035","-0.82640752554988","-0.17629015837035","-0.17629015837035","-0.17629015837035","-0.055679742892095","-0.055679742892095","-0.055679742892095","-0.055679742892095","1.2368731195825","0.98949849566598","0.18466684026741","-0.091650936090735","0.18466684026741","-0.48989860504359","-0.67867405333596","0.14773347221392","0.18466684026741","0.18466684026741","-0.17629015837035","-1.3773458759165","1.5267462933887","0.18466684026741","-0.42903359156924","0.11080010416044","-0.036453713357525","-0.14103212669628","-0.0091134283393812","-0.15856003298799","1.2368731195825","1.0853630553618","-0.077731000367711","-0.069599678615119","-0.041759807169071","1.5267462933887","3.5475135749104","1.212460368913","1.6166138252173","1.212460368913","1.6166138252173","-0.041759807169071","-0.045567141696906","-0.045567141696906","-0.045567141696906","-0.055679742892095","1.5267462933887","-0.41282655187051","-1.1018767007332","-0.022051257475615","-0.91720986046577","1.5267462933887","0.18466684026741","-0.17629015837035","0.22272795922266","-1.1018767007332","0.054011199390506","0.14773347221392","-0.35738138619825","0.30534925867774","0.18466684026741","0.18466684026741","-0.82640752554988","-0.82640752554988","-0.027839871446048","-0.041759807169071","-0.045567141696906","-0.045567141696906","0.18466684026741","-0.022051257475615","0.91604777603323","0.98949849566598","0.98949849566598","0.18466684026741","-0.041759807169071","-0.055679742892095","-0.055679742892095","-0.069599678615119","-0.035258031674071","-0.045567141696906","1.6166138252173","-1.1018767007332","-1.3773458759165","0.18466684026741","-0.022051257475615","-0.055679742892095","-0.022051257475615","-0.022051257475615","1.212460368913","2.0207672815217","2.0207672815217","-0.022051257475615","0.11080010416044","-0.022051257475615","-0.017641005980492","0.91604777603323","-0.17629015837035","0.18466684026741","0.18466684026741","1.5267462933887","0.14773347221392","-0.055679742892095","-0.041759807169071","-0.055679742892095","0.18466684026741","-0.055679742892095"
"8","-0.0005392689585075","-0.001064521881033","0.023351470415377","-0.0010645218810334","-0.0021570758340311","4.9993030539744","-0.0039372220246877","0.0028244655159003","-0.0065620367078125","-0.0065620367078125","0.0064034954689521","-0.0026963447925385","0.011350729136037","0.0037835763786789","-0.0011636572884061","-0.00026981786760105","0.010491321013573","-0.045567141696906","-0.0010645218810332","0.015134305514716","-0.0052496293662501","0.0010959151243146","-0.021066402199554","-0.0044431342563059","-0.0017188162449272","-0.016853121759643","-0.00026981786760105","-0.0009309258307245","-0.0065620367078125","3.9994424431795","0.0016946793095404","-0.00085161750482661","-0.0092583815003505","-0.00053926895850766","-0.00085161750482661","-0.00085161750482661","-0.034194140944805","-0.0065620367078125","-0.045567141696906","0.018917881893395","-0.0052496293662501","0.014010882249226","0.018681176332302","0.0028244655159006","0.018917881893395","-0.0013124073415625","0.0022595724127207","4.9993030539744","-0.045567141696906","-0.018226856678763","-0.00033727233450117","0.023351470415377","-0.021066402199554","0.018917881893395","4.9993030539744","4.9993030539744","5.0021275194903","-0.0011636572884061","-0.0011636572884061","0.018681176332302","-0.0011636572884061","-0.0011636572884061","-0.0021485203061587","-0.0011636572884061","-0.00085161750482661","4.9993030539744","-0.00033727233450117","0.0024871931813992","-0.0026963447925385","0.011350729136037","-0.002624814683125","0.0028244655159006","0.0028244655159006","-0.0092859690022849","-0.00042580875241331","-0.0021653227714037","-0.00053926895850766","-0.0011636572884061","0.015134305514716","-0.016853121759643","-0.0026963447925385","-0.0026963447925385","-0.012639841319732","-0.0026963447925385","-0.0026963447925385","-0.0026963447925385","-0.00085161750482661","-0.00085161750482661","-0.00085161750482661","-0.00085161750482661","0.018917881893395","0.015134305514716","0.0028244655159006","-0.0014017942155348","0.0028244655159006","-0.007492962538537","-0.010380268907012","0.0022595724127207","0.0028244655159006","0.0028244655159006","-0.0026963447925385","-0.021066402199554","0.023351470415377","0.0028244655159006","-0.0065620367078125","0.0016946793095404","3.9994424431795","-0.0021570758340307","0.99986061079488","-0.0024251638503492","0.018917881893395","0.016600546788276","-0.001188889839328","-0.0010645218810332","-0.00063871312861998","0.023351470415377","-0.022215671281529","-0.027340285018144","-0.036453713357525","-0.027340285018144","-0.036453713357525","-0.00063871312861998","4.9993030539744","4.9993030539744","4.9993030539744","-0.00085161750482661","0.023351470415377","-0.0063141512472833","-0.016853121759643","-0.00033727233450117","-0.014028656243742","0.023351470415377","0.0028244655159006","-0.0026963447925385","0.0034066074848108","-0.016853121759643","0.00082609725671321","0.0022595724127207","-0.0054661215834979","0.0046702940830754","0.0028244655159006","0.0028244655159006","-0.012639841319732","-0.012639841319732","-0.00042580875241331","-0.00063871312861998","4.9993030539744","4.9993030539744","0.0028244655159006","-0.00033727233450117","0.014010882249226","0.015134305514716","0.015134305514716","0.0028244655159006","-0.00063871312861998","-0.00085161750482661","-0.00085161750482661","-0.0010645218810332","-0.00053926895850766","4.9993030539744","-0.036453713357525","-0.016853121759643","-0.021066402199554","0.0028244655159006","-0.00033727233450117","-0.00085161750482661","-0.00033727233450117","-0.00033727233450117","-0.027340285018144","-0.045567141696906","-0.045567141696906","-0.00033727233450117","0.0016946793095404","-0.00033727233450117","-0.00026981786760105","0.014010882249226","-0.0026963447925385","0.0028244655159006","0.0028244655159006","0.023351470415377","0.0022595724127207","-0.00085161750482661","-0.00063871312861998","-0.00085161750482661","0.0028244655159006","-0.00085161750482661"
"9","0.99791367624654","-0.0041184222667393","0.090342169036838","-0.0041184222667401","3.9916547049862","-0.0026963447925389","-0.01523232461865","0.010927292223455","-0.025387207697751","-0.025387207697751","0.024773843350858","4.9895683812327","0.043913701024323","0.014637900341441","-0.0045019573320228","-0.001043871369575","0.040588822869321","-0.17629015837035","-0.0041184222667408","0.058551601365764","-0.0203097661582","0.0042398764467412","-0.081501697094708","-0.017189597866703","-0.006649756310003","-0.065201357675766","-0.001043871369575","-0.0036015658656191","-0.025387207697751","-0.0021570758340312","0.0065563753340735","-0.0032947378133924","4.9641811735349","0.99791367624654","-0.0032947378133924","-0.0032947378133924","-0.13229029291752","-0.025387207697751","-0.17629015837035","0.073189501707204","-0.0203097661582","0.054205301422102","0.07227373522947","0.010927292223456","0.073189501707204","-0.0050774415395501","0.0087418337787647","-0.002696344792539","-0.17629015837035","-0.070516063348142","-0.0013048392119687","0.090342169036838","-0.081501697094708","0.073189501707204","-0.002696344792539","-0.002696344792539","0.0082309474309166","-0.0045019573320228","-0.0045019573320228","0.07227373522947","-0.0045019573320228","-0.0045019573320228","-0.0083121953875039","-0.0045019573320228","-0.0032947378133924","-0.002696344792539","-0.0013048392119687","0.0096224530114866","4.9895683812327","0.043913701024323","-0.0101548830791","0.010927292223456","0.010927292223456","-0.035925556992884","-0.0016473689066962","4.9916227992347","0.99791367624654","-0.0045019573320228","0.058551601365764","-0.065201357675766","4.9895683812327","4.9895683812327","-0.048901018256825","4.9895683812327","4.9895683812327","4.9895683812327","-0.0032947378133924","-0.0032947378133924","-0.0032947378133924","-0.0032947378133924","0.073189501707204","0.058551601365764","0.010927292223456","-0.0054232614787093","0.010927292223456","-0.02898877356337","-0.04015918447806","0.0087418337787647","0.010927292223456","0.010927292223456","4.9895683812327","-0.081501697094708","0.090342169036838","0.010927292223456","-0.025387207697751","0.0065563753340735","-0.0021570758340312","3.9916547049862","-0.00053926895850781","-0.0093824739347453","0.073189501707204","5.0642241956234","-0.0045995770253611","-0.0041184222667408","-0.0024710533600444","0.090342169036838","-0.085947989333517","-0.10577409502221","-0.14103212669628","-0.10577409502221","-0.14103212669628","-0.0024710533600444","-0.002696344792539","-0.002696344792539","-0.002696344792539","-0.0032947378133924","0.090342169036838","-0.024428188424942","-0.065201357675766","-0.0013048392119687","-0.054274065452311","0.090342169036838","0.010927292223456","4.9895683812327","1.0131794830801","-0.065201357675766","0.0031960050771668","0.0087418337787647","-0.02114733125101","0.018068433807368","0.010927292223456","0.010927292223456","-0.048901018256825","-0.048901018256825","-0.0016473689066962","-0.0024710533600444","-0.002696344792539","-0.002696344792539","0.010927292223456","-0.0013048392119687","0.054205301422102","0.058551601365764","0.058551601365764","0.010927292223456","-0.0024710533600444","-0.0032947378133924","-0.0032947378133924","-0.0041184222667408","0.99791367624654","-0.002696344792539","-0.14103212669628","-0.065201357675766","-0.081501697094708","0.010927292223456","-0.0013048392119687","-0.0032947378133924","-0.0013048392119687","-0.0013048392119687","-0.10577409502221","-0.17629015837035","-0.17629015837035","-0.0013048392119687","0.0065563753340735","-0.0013048392119687","-0.001043871369575","0.054205301422102","4.9895683812327","0.010927292223456","0.010927292223456","0.090342169036838","0.0087418337787647","-0.0032947378133924","-0.0024710533600444","-0.0032947378133924","0.010927292223456","-0.0032947378133924"
"10","-0.00082368445334843","4.9983740393178","0.03566725442011","4.9983740393178","-0.0032947378133922","-0.0010645218810366","-0.0060137497624344","0.0043141150584692","-0.010022916270723","-0.010022916270723","0.0097807588989661","-0.0041184222667404","0.01733720989502","0.0057790699650067","-0.0017773810310482","-0.00041212233575123","0.016024541886994","-0.06959967861512","4.9983740393178","0.023116279860027","-0.0080183330165784","0.0016739110157272","-0.032177019845099","-0.0067864848390019","-0.0026253360160526","-0.025741615876079","-0.00041212233575123","-0.0014219048248379","-0.010022916270723","-0.00085161750482726","0.0025884690350814","3.9986992314543","-0.014141338537464","-0.00082368445334813","3.9986992314543","3.9986992314543","-0.05222845084532","-0.010022916270723","-0.06959967861512","0.028895349825033","-0.0080183330165784","0.021400352652066","0.028533803536088","0.0043141150584689","0.028895349825033","-0.0020045832541446","0.0034512920467753","-0.001064521881034","-0.06959967861512","-0.027839871446048","-0.00051515291968889","0.03566725442011","-0.032177019845099","0.028895349825033","-0.001064521881034","-0.001064521881034","0.0032495931774345","-0.0017773810310482","-0.0017773810310482","0.028533803536088","-0.0017773810310482","-0.0017773810310482","-0.0032816700200656","-0.0017773810310482","3.9986992314543","-0.001064521881034","-0.00051515291968889","0.0037989621387803","-0.0041184222667404","0.01733720989502","-0.0040091665082892","0.0043141150584689","0.0043141150584689","-0.014183475946066","1.9993496157271","-0.0033073342627067","-0.00082368445334813","-0.0017773810310482","0.023116279860027","-0.025741615876079","-0.0041184222667404","-0.0041184222667404","-0.01930621190706","-0.0041184222667404","-0.0041184222667404","-0.0041184222667404","3.9986992314543","3.9986992314543","3.9986992314543","3.9986992314543","0.028895349825033","0.023116279860027","0.0043141150584689","4.9978588863981","0.0043141150584689","-0.011444821095561","-0.015854919860284","0.0034512920467753","0.0043141150584689","0.0043141150584689","-0.0041184222667404","-0.032177019845099","0.03566725442011","0.0043141150584689","-0.010022916270723","0.0025884690350814","-0.00085161750482726","-0.0032947378133925","-0.00021290437620682","-0.0037042179581093","0.028895349825033","5.0253558305014","3.9981840785346","4.9983740393178","2.9990244235907","0.03566725442011","-0.03393242419501","-0.041759807169072","-0.055679742892096","-0.041759807169072","-0.055679742892096","2.9990244235907","-0.001064521881034","-0.001064521881034","-0.001064521881034","3.9986992314543","0.03566725442011","4.9903557063012","-0.025741615876079","-0.00051515291968889","-0.02142750081761","0.03566725442011","0.0043141150584689","-0.0041184222667404","0.0052032841490834","-0.025741615876079","0.0012617886799761","0.0034512920467753","-0.0083490052549954","0.007133450884022","0.0043141150584689","0.0043141150584689","-0.01930621190706","-0.01930621190706","1.9993496157271","2.9990244235907","-0.001064521881034","-0.001064521881034","0.0043141150584689","-0.00051515291968889","0.021400352652066","0.023116279860027","0.023116279860027","0.0043141150584689","2.9990244235907","3.9986992314543","3.9986992314543","4.9983740393178","-0.00082368445334813","-0.001064521881034","-0.055679742892096","-0.025741615876079","-0.032177019845099","0.0043141150584689","-0.00051515291968889","3.9986992314543","-0.00051515291968889","-0.00051515291968889","-0.041759807169072","-0.06959967861512","-0.06959967861512","-0.00051515291968889","0.0025884690350814","-0.00051515291968889","-0.00041212233575123","0.021400352652066","-0.0041184222667404","0.0043141150584689","0.0043141150584689","0.03566725442011","0.0034512920467753","3.9986992314543","2.9990244235907","3.9986992314543","0.0043141150584688","3.9986992314543"
